TTCTTTATTTAGAGATAGTAAGGGTGTTGATTTTTTAATGTTTTCTCTACATTTAGCTGGAGTATCAAGGGTTTTAGGTTCTATTAATTTTATTTGTACTCTTTACACCGCTTTTGTTGATAAATTTATCTCTCGTAGTTCAATATTGTTGTGATCTTATTTATTTACTTCAATTCTTTTACTTTTAACCATCCCTGTCTTAGCAGCTGCTATTACTATGTTGTTGTTTGATCGTAATTTTGGTTCAGCCTTTTTTGATCCTTTAGGGGGAGGTGATCCTGTATTATTTCAG,KY552877.1,99.315,292,2,0,1,292,405,696,1.26e-145,529
TTCTTTATTTAGAGATAGTAAGGGTGTTGATTTTTTAATGTTTTCTCTACATTTAGCTGGAGTATCAAGGGTTTTAGGTTCTATTAATTTTATTTGTACTCTTTACACCGCTTTTGTTGATAAATTTATCTCTCGTAGTTCAATATTGTTGTGATCTTATTTATTTACTTCAATTCTTTTACTTTTAACCATCCCTGTCTTAGCAGCTGCTATTACTATGTTGTTGTTTGATCGTAATTTTGGTTCAGCCTTTTTTGATCCTTTAGGGGGAGGTGATCCTGTATTATTTCAG,MW602528.1,98.973,292,3,0,1,292,405,696,5.88e-144,523
TTCTTTATTTAGAGATAGTAAGGGTGTTGATTTTTTAATGTTTTCTCTACATTTAGCTGGAGTATCAAGGGTTTTAGGTTCTATTAATTTTATTTGTACTCTTTACACCGCTTTTGTTGATAAATTTATCTCTCGTAGTTCAATATTGTTGTGATCTTATTTATTTACTTCAATTCTTTTACTTTTAACCATCCCTGTCTTAGCAGCTGCTATTACTATGTTGTTGTTTGATCGTAATTTTGGTTCAGCCTTTTTTGATCCTTTAGGGGGAGGTGATCCTGTATTATTTCAG,NC_008945.1,90.068,292,29,0,1,292,7200,7491,1.35e-100,379
TTCTTTATTTAGAGATAGTAAGGGTGTTGATTTTTTAATGTTTTCTCTACATTTAGCTGGAGTATCAAGGGTTTTAGGTTCTATTAATTTTATTTGTACTCTTTACACCGCTTTTGTTGATAAATTTATCTCTCGTAGTTCAATATTGTTGTGATCTTATTTATTTACTTCAATTCTTTTACTTTTAACCATCCCTGTCTTAGCAGCTGCTATTACTATGTTGTTGTTTGATCGTAATTTTGGTTCAGCCTTTTTTGATCCTTTAGGGGGAGGTGATCCTGTATTATTTCAG,KY552871.1,90.068,292,29,0,1,292,405,696,1.35e-100,379
TTCTTTATTTAGAGATAGTAAGGGTGTTGATTTTTTAATGTTTTCTCTACATTTAGCTGGAGTATCAAGGGTTTTAGGTTCTATTAATTTTATTTGTACTCTTTACACCGCTTTTGTTGATAAATTTATCTCTCGTAGTTCAATATTGTTGTGATCTTATTTATTTACTTCAATTCTTTTACTTTTAACCATCCCTGTCTTAGCAGCTGCTATTACTATGTTGTTGTTTGATCGTAATTTTGGTTCAGCCTTTTTTGATCCTTTAGGGGGAGGTGATCCTGTATTATTTCAG,LC609826.1,90.068,292,29,0,1,292,405,696,1.35e-100,379
TTCTTTATTTAGAGATAGTAAGGGTGTTGATTTTTTAATGTTTTCTCTACATTTAGCTGGAGTATCAAGGGTTTTAGGTTCTATTAATTTTATTTGTACTCTTTACACCGCTTTTGTTGATAAATTTATCTCTCGTAGTTCAATATTGTTGTGATCTTATTTATTTACTTCAATTCTTTTACTTTTAACCATCCCTGTCTTAGCAGCTGCTATTACTATGTTGTTGTTTGATCGTAATTTTGGTTCAGCCTTTTTTGATCCTTTAGGGGGAGGTGATCCTGTATTATTTCAG,MZ603737.1,90.068,292,29,0,1,292,405,696,1.35e-100,379
TTCTTTATTTAGAGATAGTAAGGGTGTTGATTTTTTAATGTTTTCTCTACATTTAGCTGGAGTATCAAGGGTTTTAGGTTCTATTAATTTTATTTGTACTCTTTACACCGCTTTTGTTGATAAATTTATCTCTCGTAGTTCAATATTGTTGTGATCTTATTTATTTACTTCAATTCTTTTACTTTTAACCATCCCTGTCTTAGCAGCTGCTATTACTATGTTGTTGTTTGATCGTAATTTTGGTTCAGCCTTTTTTGATCCTTTAGGGGGAGGTGATCCTGTATTATTTCAG,AB269325.1,90.068,292,29,0,1,292,9630,9921,1.35e-100,379
TTCTTTATTTAGAGATAGTAAGGGTGTTGATTTTTTAATGTTTTCTCTACATTTAGCTGGAGTATCAAGGGTTTTAGGTTCTATTAATTTTATTTGTACTCTTTACACCGCTTTTGTTGATAAATTTATCTCTCGTAGTTCAATATTGTTGTGATCTTATTTATTTACTTCAATTCTTTTACTTTTAACCATCCCTGTCTTAGCAGCTGCTATTACTATGTTGTTGTTTGATCGTAATTTTGGTTCAGCCTTTTTTGATCCTTTAGGGGGAGGTGATCCTGTATTATTTCAG,AM778554.2,90.068,292,29,0,1,292,405,696,1.35e-100,379
TTCTTTATTTAGAGATAGTAAGGGTGTTGATTTTTTAATGTTTTCTCTACATTTAGCTGGAGTATCAAGGGTTTTAGGTTCTATTAATTTTATTTGTACTCTTTACACCGCTTTTGTTGATAAATTTATCTCTCGTAGTTCAATATTGTTGTGATCTTATTTATTTACTTCAATTCTTTTACTTTTAACCATCCCTGTCTTAGCAGCTGCTATTACTATGTTGTTGTTTGATCGTAATTTTGGTTCAGCCTTTTTTGATCCTTTAGGGGGAGGTGATCCTGTATTATTTCAG,KC812045.1,90.068,292,29,0,1,292,405,696,1.35e-100,379
TTCTTTATTTAGAGATAGTAAGGGTGTTGATTTTTTAATGTTTTCTCTACATTTAGCTGGAGTATCAAGGGTTTTAGGTTCTATTAATTTTATTTGTACTCTTTACACCGCTTTTGTTGATAAATTTATCTCTCGTAGTTCAATATTGTTGTGATCTTATTTATTTACTTCAATTCTTTTACTTTTAACCATCCCTGTCTTAGCAGCTGCTATTACTATGTTGTTGTTTGATCGTAATTTTGGTTCAGCCTTTTTTGATCCTTTAGGGGGAGGTGATCCTGTATTATTTCAG,KC812046.1,90.068,292,29,0,1,292,405,696,1.35e-100,379
TTCTTTATTTAGAGATAGTAAGGGTGTTGATTTTTTAATGTTTTCTCTACATTTAGCTGGAGTATCAAGGGTTTTAGGTTCTATTAATTTTATTTGTACTCTTTACACCGCTTTTGTTGATAAATTTATCTCTCGTAGTTCAATATTGTTGTGATCTTATTTATTTACTTCAATTCTTTTACTTTTAACCATCCCTGTCTTAGCAGCTGCTATTACTATGTTGTTGTTTGATCGTAATTTTGGTTCAGCCTTTTTTGATCCTTTAGGGGGAGGTGATCCTGTATTATTTCAG,LC609829.1,90.068,292,29,0,1,292,405,696,1.35e-100,379
TTCTTTATTTAGAGATAGTAAGGGTGTTGATTTTTTAATGTTTTCTCTACATTTAGCTGGAGTATCAAGGGTTTTAGGTTCTATTAATTTTATTTGTACTCTTTACACCGCTTTTGTTGATAAATTTATCTCTCGTAGTTCAATATTGTTGTGATCTTATTTATTTACTTCAATTCTTTTACTTTTAACCATCCCTGTCTTAGCAGCTGCTATTACTATGTTGTTGTTTGATCGTAATTTTGGTTCAGCCTTTTTTGATCCTTTAGGGGGAGGTGATCCTGTATTATTTCAG,DQ768197.1,90.068,292,29,0,1,292,22,313,1.35e-100,379
TTCTTTATTTAGAGATAGTAAGGGTGTTGATTTTTTAATGTTTTCTCTACATTTAGCTGGAGTATCAAGGGTTTTAGGTTCTATTAATTTTATTTGTACTCTTTACACCGCTTTTGTTGATAAATTTATCTCTCGTAGTTCAATATTGTTGTGATCTTATTTATTTACTTCAATTCTTTTACTTTTAACCATCCCTGTCTTAGCAGCTGCTATTACTATGTTGTTGTTTGATCGTAATTTTGGTTCAGCCTTTTTTGATCCTTTAGGGGGAGGTGATCCTGTATTATTTCAG,PV035189.1,90.068,292,29,0,1,292,405,696,1.35e-100,379
TTCTTTATTTAGAGATAGTAAGGGTGTTGATTTTTTAATGTTTTCTCTACATTTAGCTGGAGTATCAAGGGTTTTAGGTTCTATTAATTTTATTTGTACTCTTTACACCGCTTTTGTTGATAAATTTATCTCTCGTAGTTCAATATTGTTGTGATCTTATTTATTTACTTCAATTCTTTTACTTTTAACCATCCCTGTCTTAGCAGCTGCTATTACTATGTTGTTGTTTGATCGTAATTTTGGTTCAGCCTTTTTTGATCCTTTAGGGGGAGGTGATCCTGTATTATTTCAG,AP017663.1,90.068,292,29,0,1,292,7225,7516,1.35e-100,379
TTCTTTATTTAGAGATAGTAAGGGTGTTGATTTTTTAATGTTTTCTCTACATTTAGCTGGAGTATCAAGGGTTTTAGGTTCTATTAATTTTATTTGTACTCTTTACACCGCTTTTGTTGATAAATTTATCTCTCGTAGTTCAATATTGTTGTGATCTTATTTATTTACTTCAATTCTTTTACTTTTAACCATCCCTGTCTTAGCAGCTGCTATTACTATGTTGTTGTTTGATCGTAATTTTGGTTCAGCCTTTTTTGATCCTTTAGGGGGAGGTGATCCTGTATTATTTCAG,AM712906.2,90.068,292,29,0,1,292,405,696,1.35e-100,379
TTCTTTATTTAGAGATAGTAAGGGTGTTGATTTTTTAATGTTTTCTCTACATTTAGCTGGAGTATCAAGGGTTTTAGGTTCTATTAATTTTATTTGTACTCTTTACACCGCTTTTGTTGATAAATTTATCTCTCGTAGTTCAATATTGTTGTGATCTTATTTATTTACTTCAATTCTTTTACTTTTAACCATCCCTGTCTTAGCAGCTGCTATTACTATGTTGTTGTTTGATCGTAATTTTGGTTCAGCCTTTTTTGATCCTTTAGGGGGAGGTGATCCTGTATTATTTCAG,AB302389.1,90.068,292,29,0,1,292,15,306,1.35e-100,379
TTCTTTATTTAGAGATAGTAAGGGTGTTGATTTTTTAATGTTTTCTCTACATTTAGCTGGAGTATCAAGGGTTTTAGGTTCTATTAATTTTATTTGTACTCTTTACACCGCTTTTGTTGATAAATTTATCTCTCGTAGTTCAATATTGTTGTGATCTTATTTATTTACTTCAATTCTTTTACTTTTAACCATCCCTGTCTTAGCAGCTGCTATTACTATGTTGTTGTTTGATCGTAATTTTGGTTCAGCCTTTTTTGATCCTTTAGGGGGAGGTGATCCTGTATTATTTCAG,LC258571.1,89.726,292,30,0,1,292,405,696,1.74e-99,375
TTCTTTATTTAGAGATAGTAAGGGTGTTGATTTTTTAATGTTTTCTCTACATTTAGCTGGAGTATCAAGGGTTTTAGGTTCTATTAATTTTATTTGTACTCTTTACACCGCTTTTGTTGATAAATTTATCTCTCGTAGTTCAATATTGTTGTGATCTTATTTATTTACTTCAATTCTTTTACTTTTAACCATCCCTGTCTTAGCAGCTGCTATTACTATGTTGTTGTTTGATCGTAATTTTGGTTCAGCCTTTTTTGATCCTTTAGGGGGAGGTGATCCTGTATTATTTCAG,LC609813.1,89.726,292,30,0,1,292,405,696,6.27e-99,374
TTCTTTATTTAGAGATAGTAAGGGTGTTGATTTTTTAATGTTTTCTCTACATTTAGCTGGAGTATCAAGGGTTTTAGGTTCTATTAATTTTATTTGTACTCTTTACACCGCTTTTGTTGATAAATTTATCTCTCGTAGTTCAATATTGTTGTGATCTTATTTATTTACTTCAATTCTTTTACTTTTAACCATCCCTGTCTTAGCAGCTGCTATTACTATGTTGTTGTTTGATCGTAATTTTGGTTCAGCCTTTTTTGATCCTTTAGGGGGAGGTGATCCTGTATTATTTCAG,LC609785.1,89.726,292,30,0,1,292,405,696,6.27e-99,374
TTCTTTATTTAGAGATAGTAAGGGTGTTGATTTTTTAATGTTTTCTCTACATTTAGCTGGAGTATCAAGGGTTTTAGGTTCTATTAATTTTATTTGTACTCTTTACACCGCTTTTGTTGATAAATTTATCTCTCGTAGTTCAATATTGTTGTGATCTTATTTATTTACTTCAATTCTTTTACTTTTAACCATCCCTGTCTTAGCAGCTGCTATTACTATGTTGTTGTTTGATCGTAATTTTGGTTCAGCCTTTTTTGATCCTTTAGGGGGAGGTGATCCTGTATTATTTCAG,LC609815.1,89.726,292,30,0,1,292,405,696,6.27e-99,374
TTCTTTATTTAGAGATAGTAAGGGTGTTGATTTTTTAATGTTTTCTCTACATTTAGCTGGAGTATCAAGGGTTTTAGGTTCTATTAATTTTATTTGTACTCTTTACACCGCTTTTGTTGATAAATTTATCTCTCGTAGTTCAATATTGTTGTGATCTTATTTATTTACTTCAATTCTTTTACTTTTAACCATCCCTGTCTTAGCAGCTGCTATTACTATGTTGTTGTTTGATCGTAATTTTGGTTCAGCCTTTTTTGATCCTTTAGGGGGAGGTGATCCTGTATTATTTCAG,LC609820.1,89.726,292,30,0,1,292,405,696,6.27e-99,374
TTCTTTATTTAGAGATAGTAAGGGTGTTGATTTTTTAATGTTTTCTCTACATTTAGCTGGAGTATCAAGGGTTTTAGGTTCTATTAATTTTATTTGTACTCTTTACACCGCTTTTGTTGATAAATTTATCTCTCGTAGTTCAATATTGTTGTGATCTTATTTATTTACTTCAATTCTTTTACTTTTAACCATCCCTGTCTTAGCAGCTGCTATTACTATGTTGTTGTTTGATCGTAATTTTGGTTCAGCCTTTTTTGATCCTTTAGGGGGAGGTGATCCTGTATTATTTCAG,AB623149.1,89.726,292,30,0,1,292,405,696,6.27e-99,374
TTCTTTATTTAGAGATAGTAAGGGTGTTGATTTTTTAATGTTTTCTCTACATTTAGCTGGAGTATCAAGGGTTTTAGGTTCTATTAATTTTATTTGTACTCTTTACACCGCTTTTGTTGATAAATTTATCTCTCGTAGTTCAATATTGTTGTGATCTTATTTATTTACTTCAATTCTTTTACTTTTAACCATCCCTGTCTTAGCAGCTGCTATTACTATGTTGTTGTTTGATCGTAATTTTGGTTCAGCCTTTTTTGATCCTTTAGGGGGAGGTGATCCTGTATTATTTCAG,LC609803.1,89.726,292,30,0,1,292,405,696,6.27e-99,374
TTCTTTATTTAGAGATAGTAAGGGTGTTGATTTTTTAATGTTTTCTCTACATTTAGCTGGAGTATCAAGGGTTTTAGGTTCTATTAATTTTATTTGTACTCTTTACACCGCTTTTGTTGATAAATTTATCTCTCGTAGTTCAATATTGTTGTGATCTTATTTATTTACTTCAATTCTTTTACTTTTAACCATCCCTGTCTTAGCAGCTGCTATTACTATGTTGTTGTTTGATCGTAATTTTGGTTCAGCCTTTTTTGATCCTTTAGGGGGAGGTGATCCTGTATTATTTCAG,LC609788.1,89.726,292,30,0,1,292,405,696,6.27e-99,374
TTCTTTATTTAGAGATAGTAAGGGTGTTGATTTTTTAATGTTTTCTCTACATTTAGCTGGAGTATCAAGGGTTTTAGGTTCTATTAATTTTATTTGTACTCTTTACACCGCTTTTGTTGATAAATTTATCTCTCGTAGTTCAATATTGTTGTGATCTTATTTATTTACTTCAATTCTTTTACTTTTAACCATCCCTGTCTTAGCAGCTGCTATTACTATGTTGTTGTTTGATCGTAATTTTGGTTCAGCCTTTTTTGATCCTTTAGGGGGAGGTGATCCTGTATTATTTCAG,LC609802.1,89.726,292,30,0,1,292,405,696,6.27e-99,374
TTCTTTATTTAGAGATAGTAAGGGTGTTGATTTTTTAATGTTTTCTCTACATTTAGCTGGAGTATCAAGGGTTTTAGGTTCTATTAATTTTATTTGTACTCTTTACACCGCTTTTGTTGATAAATTTATCTCTCGTAGTTCAATATTGTTGTGATCTTATTTATTTACTTCAATTCTTTTACTTTTAACCATCCCTGTCTTAGCAGCTGCTATTACTATGTTGTTGTTTGATCGTAATTTTGGTTCAGCCTTTTTTGATCCTTTAGGGGGAGGTGATCCTGTATTATTTCAG,LC609797.1,89.726,292,30,0,1,292,405,696,6.27e-99,374
TTCTTTATTTAGAGATAGTAAGGGTGTTGATTTTTTAATGTTTTCTCTACATTTAGCTGGAGTATCAAGGGTTTTAGGTTCTATTAATTTTATTTGTACTCTTTACACCGCTTTTGTTGATAAATTTATCTCTCGTAGTTCAATATTGTTGTGATCTTATTTATTTACTTCAATTCTTTTACTTTTAACCATCCCTGTCTTAGCAGCTGCTATTACTATGTTGTTGTTTGATCGTAATTTTGGTTCAGCCTTTTTTGATCCTTTAGGGGGAGGTGATCCTGTATTATTTCAG,LC609810.1,89.726,292,30,0,1,292,405,696,6.27e-99,374
TTCTTTATTTAGAGATAGTAAGGGTGTTGATTTTTTAATGTTTTCTCTACATTTAGCTGGAGTATCAAGGGTTTTAGGTTCTATTAATTTTATTTGTACTCTTTACACCGCTTTTGTTGATAAATTTATCTCTCGTAGTTCAATATTGTTGTGATCTTATTTATTTACTTCAATTCTTTTACTTTTAACCATCCCTGTCTTAGCAGCTGCTATTACTATGTTGTTGTTTGATCGTAATTTTGGTTCAGCCTTTTTTGATCCTTTAGGGGGAGGTGATCCTGTATTATTTCAG,LC609821.1,89.726,292,30,0,1,292,405,696,6.27e-99,374
TTCTTTATTTAGAGATAGTAAGGGTGTTGATTTTTTAATGTTTTCTCTACATTTAGCTGGAGTATCAAGGGTTTTAGGTTCTATTAATTTTATTTGTACTCTTTACACCGCTTTTGTTGATAAATTTATCTCTCGTAGTTCAATATTGTTGTGATCTTATTTATTTACTTCAATTCTTTTACTTTTAACCATCCCTGTCTTAGCAGCTGCTATTACTATGTTGTTGTTTGATCGTAATTTTGGTTCAGCCTTTTTTGATCCTTTAGGGGGAGGTGATCCTGTATTATTTCAG,LC609796.1,89.726,292,30,0,1,292,405,696,6.27e-99,374
TTCTTTATTTAGAGATAGTAAGGGTGTTGATTTTTTAATGTTTTCTCTACATTTAGCTGGAGTATCAAGGGTTTTAGGTTCTATTAATTTTATTTGTACTCTTTACACCGCTTTTGTTGATAAATTTATCTCTCGTAGTTCAATATTGTTGTGATCTTATTTATTTACTTCAATTCTTTTACTTTTAACCATCCCTGTCTTAGCAGCTGCTATTACTATGTTGTTGTTTGATCGTAATTTTGGTTCAGCCTTTTTTGATCCTTTAGGGGGAGGTGATCCTGTATTATTTCAG,LC609790.1,89.726,292,30,0,1,292,405,696,6.27e-99,374
TTCTTTATTTAGAGATAGTAAGGGTGTTGATTTTTTAATGTTTTCTCTACATTTAGCTGGAGTATCAAGGGTTTTAGGTTCTATTAATTTTATTTGTACTCTTTACACCGCTTTTGTTGATAAATTTATCTCTCGTAGTTCAATATTGTTGTGATCTTATTTATTTACTTCAATTCTTTTACTTTTAACCATCCCTGTCTTAGCAGCTGCTATTACTATGTTGTTGTTTGATCGTAATTTTGGTTCAGCCTTTTTTGATCCTTTAGGGGGAGGTGATCCTGTATTATTTCAG,LC609799.1,89.726,292,30,0,1,292,405,696,6.27e-99,374
TTCTTTATTTAGAGATAGTAAGGGTGTTGATTTTTTAATGTTTTCTCTACATTTAGCTGGAGTATCAAGGGTTTTAGGTTCTATTAATTTTATTTGTACTCTTTACACCGCTTTTGTTGATAAATTTATCTCTCGTAGTTCAATATTGTTGTGATCTTATTTATTTACTTCAATTCTTTTACTTTTAACCATCCCTGTCTTAGCAGCTGCTATTACTATGTTGTTGTTTGATCGTAATTTTGGTTCAGCCTTTTTTGATCCTTTAGGGGGAGGTGATCCTGTATTATTTCAG,LC609828.1,89.726,292,30,0,1,292,405,696,6.27e-99,374
TTCTTTATTTAGAGATAGTAAGGGTGTTGATTTTTTAATGTTTTCTCTACATTTAGCTGGAGTATCAAGGGTTTTAGGTTCTATTAATTTTATTTGTACTCTTTACACCGCTTTTGTTGATAAATTTATCTCTCGTAGTTCAATATTGTTGTGATCTTATTTATTTACTTCAATTCTTTTACTTTTAACCATCCCTGTCTTAGCAGCTGCTATTACTATGTTGTTGTTTGATCGTAATTTTGGTTCAGCCTTTTTTGATCCTTTAGGGGGAGGTGATCCTGTATTATTTCAG,AB530455.1,89.726,292,30,0,1,292,405,696,6.27e-99,374
TTCTTTATTTAGAGATAGTAAGGGTGTTGATTTTTTAATGTTTTCTCTACATTTAGCTGGAGTATCAAGGGTTTTAGGTTCTATTAATTTTATTTGTACTCTTTACACCGCTTTTGTTGATAAATTTATCTCTCGTAGTTCAATATTGTTGTGATCTTATTTATTTACTTCAATTCTTTTACTTTTAACCATCCCTGTCTTAGCAGCTGCTATTACTATGTTGTTGTTTGATCGTAATTTTGGTTCAGCCTTTTTTGATCCTTTAGGGGGAGGTGATCCTGTATTATTTCAG,LC609825.1,89.726,292,30,0,1,292,405,696,6.27e-99,374
TTCTTTATTTAGAGATAGTAAGGGTGTTGATTTTTTAATGTTTTCTCTACATTTAGCTGGAGTATCAAGGGTTTTAGGTTCTATTAATTTTATTTGTACTCTTTACACCGCTTTTGTTGATAAATTTATCTCTCGTAGTTCAATATTGTTGTGATCTTATTTATTTACTTCAATTCTTTTACTTTTAACCATCCCTGTCTTAGCAGCTGCTATTACTATGTTGTTGTTTGATCGTAATTTTGGTTCAGCCTTTTTTGATCCTTTAGGGGGAGGTGATCCTGTATTATTTCAG,LC609817.1,89.726,292,30,0,1,292,405,696,6.27e-99,374
TTCTTTATTTAGAGATAGTAAGGGTGTTGATTTTTTAATGTTTTCTCTACATTTAGCTGGAGTATCAAGGGTTTTAGGTTCTATTAATTTTATTTGTACTCTTTACACCGCTTTTGTTGATAAATTTATCTCTCGTAGTTCAATATTGTTGTGATCTTATTTATTTACTTCAATTCTTTTACTTTTAACCATCCCTGTCTTAGCAGCTGCTATTACTATGTTGTTGTTTGATCGTAATTTTGGTTCAGCCTTTTTTGATCCTTTAGGGGGAGGTGATCCTGTATTATTTCAG,AB530456.1,89.726,292,30,0,1,292,405,696,6.27e-99,374
TTCTTTATTTAGAGATAGTAAGGGTGTTGATTTTTTAATGTTTTCTCTACATTTAGCTGGAGTATCAAGGGTTTTAGGTTCTATTAATTTTATTTGTACTCTTTACACCGCTTTTGTTGATAAATTTATCTCTCGTAGTTCAATATTGTTGTGATCTTATTTATTTACTTCAATTCTTTTACTTTTAACCATCCCTGTCTTAGCAGCTGCTATTACTATGTTGTTGTTTGATCGTAATTTTGGTTCAGCCTTTTTTGATCCTTTAGGGGGAGGTGATCCTGTATTATTTCAG,LC609812.1,89.726,292,30,0,1,292,405,696,6.27e-99,374
TTCTTTATTTAGAGATAGTAAGGGTGTTGATTTTTTAATGTTTTCTCTACATTTAGCTGGAGTATCAAGGGTTTTAGGTTCTATTAATTTTATTTGTACTCTTTACACCGCTTTTGTTGATAAATTTATCTCTCGTAGTTCAATATTGTTGTGATCTTATTTATTTACTTCAATTCTTTTACTTTTAACCATCCCTGTCTTAGCAGCTGCTATTACTATGTTGTTGTTTGATCGTAATTTTGGTTCAGCCTTTTTTGATCCTTTAGGGGGAGGTGATCCTGTATTATTTCAG,LC609808.1,89.726,292,30,0,1,292,405,696,6.27e-99,374
TTCTTTATTTAGAGATAGTAAGGGTGTTGATTTTTTAATGTTTTCTCTACATTTAGCTGGAGTATCAAGGGTTTTAGGTTCTATTAATTTTATTTGTACTCTTTACACCGCTTTTGTTGATAAATTTATCTCTCGTAGTTCAATATTGTTGTGATCTTATTTATTTACTTCAATTCTTTTACTTTTAACCATCCCTGTCTTAGCAGCTGCTATTACTATGTTGTTGTTTGATCGTAATTTTGGTTCAGCCTTTTTTGATCCTTTAGGGGGAGGTGATCCTGTATTATTTCAG,LC609795.1,89.726,292,30,0,1,292,405,696,6.27e-99,374
TTCTTTATTTAGAGATAGTAAGGGTGTTGATTTTTTAATGTTTTCTCTACATTTAGCTGGAGTATCAAGGGTTTTAGGTTCTATTAATTTTATTTGTACTCTTTACACCGCTTTTGTTGATAAATTTATCTCTCGTAGTTCAATATTGTTGTGATCTTATTTATTTACTTCAATTCTTTTACTTTTAACCATCCCTGTCTTAGCAGCTGCTATTACTATGTTGTTGTTTGATCGTAATTTTGGTTCAGCCTTTTTTGATCCTTTAGGGGGAGGTGATCCTGTATTATTTCAG,LC609782.1,89.726,292,30,0,1,292,405,696,6.27e-99,374
TTCTTTATTTAGAGATAGTAAGGGTGTTGATTTTTTAATGTTTTCTCTACATTTAGCTGGAGTATCAAGGGTTTTAGGTTCTATTAATTTTATTTGTACTCTTTACACCGCTTTTGTTGATAAATTTATCTCTCGTAGTTCAATATTGTTGTGATCTTATTTATTTACTTCAATTCTTTTACTTTTAACCATCCCTGTCTTAGCAGCTGCTATTACTATGTTGTTGTTTGATCGTAATTTTGGTTCAGCCTTTTTTGATCCTTTAGGGGGAGGTGATCCTGTATTATTTCAG,LC609780.1,89.726,292,30,0,1,292,405,696,6.27e-99,374
TTCTTTATTTAGAGATAGTAAGGGTGTTGATTTTTTAATGTTTTCTCTACATTTAGCTGGAGTATCAAGGGTTTTAGGTTCTATTAATTTTATTTGTACTCTTTACACCGCTTTTGTTGATAAATTTATCTCTCGTAGTTCAATATTGTTGTGATCTTATTTATTTACTTCAATTCTTTTACTTTTAACCATCCCTGTCTTAGCAGCTGCTATTACTATGTTGTTGTTTGATCGTAATTTTGGTTCAGCCTTTTTTGATCCTTTAGGGGGAGGTGATCCTGTATTATTTCAG,MZ603741.1,89.726,292,30,0,1,292,405,696,6.27e-99,374
TTCTTTATTTAGAGATAGTAAGGGTGTTGATTTTTTAATGTTTTCTCTACATTTAGCTGGAGTATCAAGGGTTTTAGGTTCTATTAATTTTATTTGTACTCTTTACACCGCTTTTGTTGATAAATTTATCTCTCGTAGTTCAATATTGTTGTGATCTTATTTATTTACTTCAATTCTTTTACTTTTAACCATCCCTGTCTTAGCAGCTGCTATTACTATGTTGTTGTTTGATCGTAATTTTGGTTCAGCCTTTTTTGATCCTTTAGGGGGAGGTGATCCTGTATTATTTCAG,LC609827.1,89.726,292,30,0,1,292,405,696,6.27e-99,374
TTCTTTATTTAGAGATAGTAAGGGTGTTGATTTTTTAATGTTTTCTCTACATTTAGCTGGAGTATCAAGGGTTTTAGGTTCTATTAATTTTATTTGTACTCTTTACACCGCTTTTGTTGATAAATTTATCTCTCGTAGTTCAATATTGTTGTGATCTTATTTATTTACTTCAATTCTTTTACTTTTAACCATCCCTGTCTTAGCAGCTGCTATTACTATGTTGTTGTTTGATCGTAATTTTGGTTCAGCCTTTTTTGATCCTTTAGGGGGAGGTGATCCTGTATTATTTCAG,LC609814.1,89.726,292,30,0,1,292,405,696,6.27e-99,374
TTCTTTATTTAGAGATAGTAAGGGTGTTGATTTTTTAATGTTTTCTCTACATTTAGCTGGAGTATCAAGGGTTTTAGGTTCTATTAATTTTATTTGTACTCTTTACACCGCTTTTGTTGATAAATTTATCTCTCGTAGTTCAATATTGTTGTGATCTTATTTATTTACTTCAATTCTTTTACTTTTAACCATCCCTGTCTTAGCAGCTGCTATTACTATGTTGTTGTTTGATCGTAATTTTGGTTCAGCCTTTTTTGATCCTTTAGGGGGAGGTGATCCTGTATTATTTCAG,LC609800.1,89.726,292,30,0,1,292,405,696,6.27e-99,374
TTCTTTATTTAGAGATAGTAAGGGTGTTGATTTTTTAATGTTTTCTCTACATTTAGCTGGAGTATCAAGGGTTTTAGGTTCTATTAATTTTATTTGTACTCTTTACACCGCTTTTGTTGATAAATTTATCTCTCGTAGTTCAATATTGTTGTGATCTTATTTATTTACTTCAATTCTTTTACTTTTAACCATCCCTGTCTTAGCAGCTGCTATTACTATGTTGTTGTTTGATCGTAATTTTGGTTCAGCCTTTTTTGATCCTTTAGGGGGAGGTGATCCTGTATTATTTCAG,LC609784.1,89.726,292,30,0,1,292,405,696,6.27e-99,374
TTCTTTATTTAGAGATAGTAAGGGTGTTGATTTTTTAATGTTTTCTCTACATTTAGCTGGAGTATCAAGGGTTTTAGGTTCTATTAATTTTATTTGTACTCTTTACACCGCTTTTGTTGATAAATTTATCTCTCGTAGTTCAATATTGTTGTGATCTTATTTATTTACTTCAATTCTTTTACTTTTAACCATCCCTGTCTTAGCAGCTGCTATTACTATGTTGTTGTTTGATCGTAATTTTGGTTCAGCCTTTTTTGATCCTTTAGGGGGAGGTGATCCTGTATTATTTCAG,LC609818.1,89.726,292,30,0,1,292,405,696,6.27e-99,374
TTCTTTATTTAGAGATAGTAAGGGTGTTGATTTTTTAATGTTTTCTCTACATTTAGCTGGAGTATCAAGGGTTTTAGGTTCTATTAATTTTATTTGTACTCTTTACACCGCTTTTGTTGATAAATTTATCTCTCGTAGTTCAATATTGTTGTGATCTTATTTATTTACTTCAATTCTTTTACTTTTAACCATCCCTGTCTTAGCAGCTGCTATTACTATGTTGTTGTTTGATCGTAATTTTGGTTCAGCCTTTTTTGATCCTTTAGGGGGAGGTGATCCTGTATTATTTCAG,LC609811.1,89.384,292,31,0,1,292,405,696,2.92e-97,368
TTCTTTATTTAGAGATAGTAAGGGTGTTGATTTTTTAATGTTTTCTCTACATTTAGCTGGAGTATCAAGGGTTTTAGGTTCTATTAATTTTATTTGTACTCTTTACACCGCTTTTGTTGATAAATTTATCTCTCGTAGTTCAATATTGTTGTGATCTTATTTATTTACTTCAATTCTTTTACTTTTAACCATCCCTGTCTTAGCAGCTGCTATTACTATGTTGTTGTTTGATCGTAATTTTGGTTCAGCCTTTTTTGATCCTTTAGGGGGAGGTGATCCTGTATTATTTCAG,LC609798.1,89.384,292,31,0,1,292,405,696,2.92e-97,368
TTCTTTATTTAGAGATAGTAAGGGTGTTGATTTTTTAATGTTTTCTCTACATTTAGCTGGAGTATCAAGGGTTTTAGGTTCTATTAATTTTATTTGTACTCTTTACACCGCTTTTGTTGATAAATTTATCTCTCGTAGTTCAATATTGTTGTGATCTTATTTATTTACTTCAATTCTTTTACTTTTAACCATCCCTGTCTTAGCAGCTGCTATTACTATGTTGTTGTTTGATCGTAATTTTGGTTCAGCCTTTTTTGATCCTTTAGGGGGAGGTGATCCTGTATTATTTCAG,LC609806.1,89.384,292,31,0,1,292,405,696,2.92e-97,368
TTCTTTATTTAGAGATAGTAAGGGTGTTGATTTTTTAATGTTTTCTCTACATTTAGCTGGAGTATCAAGGGTTTTAGGTTCTATTAATTTTATTTGTACTCTTTACACCGCTTTTGTTGATAAATTTATCTCTCGTAGTTCAATATTGTTGTGATCTTATTTATTTACTTCAATTCTTTTACTTTTAACCATCCCTGTCTTAGCAGCTGCTATTACTATGTTGTTGTTTGATCGTAATTTTGGTTCAGCCTTTTTTGATCCTTTAGGGGGAGGTGATCCTGTATTATTTCAG,LC609816.1,89.384,292,31,0,1,292,405,696,2.92e-97,368
TTCTTTATTTAGAGATAGTAAGGGTGTTGATTTTTTAATGTTTTCTCTACATTTAGCTGGAGTATCAAGGGTTTTAGGTTCTATTAATTTTATTTGTACTCTTTACACCGCTTTTGTTGATAAATTTATCTCTCGTAGTTCAATATTGTTGTGATCTTATTTATTTACTTCAATTCTTTTACTTTTAACCATCCCTGTCTTAGCAGCTGCTATTACTATGTTGTTGTTTGATCGTAATTTTGGTTCAGCCTTTTTTGATCCTTTAGGGGGAGGTGATCCTGTATTATTTCAG,LC609809.1,89.384,292,31,0,1,292,405,696,2.92e-97,368
TTCTTTATTTAGAGATAGTAAGGGTGTTGATTTTTTAATGTTTTCTCTACATTTAGCTGGAGTATCAAGGGTTTTAGGTTCTATTAATTTTATTTGTACTCTTTACACCGCTTTTGTTGATAAATTTATCTCTCGTAGTTCAATATTGTTGTGATCTTATTTATTTACTTCAATTCTTTTACTTTTAACCATCCCTGTCTTAGCAGCTGCTATTACTATGTTGTTGTTTGATCGTAATTTTGGTTCAGCCTTTTTTGATCCTTTAGGGGGAGGTGATCCTGTATTATTTCAG,LC609794.1,89.384,292,31,0,1,292,405,696,2.92e-97,368
TTCTTTATTTAGAGATAGTAAGGGTGTTGATTTTTTAATGTTTTCTCTACATTTAGCTGGAGTATCAAGGGTTTTAGGTTCTATTAATTTTATTTGTACTCTTTACACCGCTTTTGTTGATAAATTTATCTCTCGTAGTTCAATATTGTTGTGATCTTATTTATTTACTTCAATTCTTTTACTTTTAACCATCCCTGTCTTAGCAGCTGCTATTACTATGTTGTTGTTTGATCGTAATTTTGGTTCAGCCTTTTTTGATCCTTTAGGGGGAGGTGATCCTGTATTATTTCAG,LC609793.1,89.384,292,31,0,1,292,405,696,2.92e-97,368
TTCTTTATTTAGAGATAGTAAGGGTGTTGATTTTTTAATGTTTTCTCTACATTTAGCTGGAGTATCAAGGGTTTTAGGTTCTATTAATTTTATTTGTACTCTTTACACCGCTTTTGTTGATAAATTTATCTCTCGTAGTTCAATATTGTTGTGATCTTATTTATTTACTTCAATTCTTTTACTTTTAACCATCCCTGTCTTAGCAGCTGCTATTACTATGTTGTTGTTTGATCGTAATTTTGGTTCAGCCTTTTTTGATCCTTTAGGGGGAGGTGATCCTGTATTATTTCAG,AB605763.1,89.384,292,31,0,1,292,405,696,2.92e-97,368
TTCTTTATTTAGAGATAGTAAGGGTGTTGATTTTTTAATGTTTTCTCTACATTTAGCTGGAGTATCAAGGGTTTTAGGTTCTATTAATTTTATTTGTACTCTTTACACCGCTTTTGTTGATAAATTTATCTCTCGTAGTTCAATATTGTTGTGATCTTATTTATTTACTTCAATTCTTTTACTTTTAACCATCCCTGTCTTAGCAGCTGCTATTACTATGTTGTTGTTTGATCGTAATTTTGGTTCAGCCTTTTTTGATCCTTTAGGGGGAGGTGATCCTGTATTATTTCAG,KC812048.1,89.384,292,31,0,1,292,405,696,2.92e-97,368
TTCTTTATTTAGAGATAGTAAGGGTGTTGATTTTTTAATGTTTTCTCTACATTTAGCTGGAGTATCAAGGGTTTTAGGTTCTATTAATTTTATTTGTACTCTTTACACCGCTTTTGTTGATAAATTTATCTCTCGTAGTTCAATATTGTTGTGATCTTATTTATTTACTTCAATTCTTTTACTTTTAACCATCCCTGTCTTAGCAGCTGCTATTACTATGTTGTTGTTTGATCGTAATTTTGGTTCAGCCTTTTTTGATCCTTTAGGGGGAGGTGATCCTGTATTATTTCAG,LC609787.1,89.384,292,31,0,1,292,405,696,2.92e-97,368
TTCTTTATTTAGAGATAGTAAGGGTGTTGATTTTTTAATGTTTTCTCTACATTTAGCTGGAGTATCAAGGGTTTTAGGTTCTATTAATTTTATTTGTACTCTTTACACCGCTTTTGTTGATAAATTTATCTCTCGTAGTTCAATATTGTTGTGATCTTATTTATTTACTTCAATTCTTTTACTTTTAACCATCCCTGTCTTAGCAGCTGCTATTACTATGTTGTTGTTTGATCGTAATTTTGGTTCAGCCTTTTTTGATCCTTTAGGGGGAGGTGATCCTGTATTATTTCAG,AB573182.1,89.384,292,31,0,1,292,405,696,2.92e-97,368
TTCTTTATTTAGAGATAGTAAGGGTGTTGATTTTTTAATGTTTTCTCTACATTTAGCTGGAGTATCAAGGGTTTTAGGTTCTATTAATTTTATTTGTACTCTTTACACCGCTTTTGTTGATAAATTTATCTCTCGTAGTTCAATATTGTTGTGATCTTATTTATTTACTTCAATTCTTTTACTTTTAACCATCCCTGTCTTAGCAGCTGCTATTACTATGTTGTTGTTTGATCGTAATTTTGGTTCAGCCTTTTTTGATCCTTTAGGGGGAGGTGATCCTGTATTATTTCAG,KY000483.1,89.384,292,31,0,1,292,405,696,2.92e-97,368
TTCTTTATTTAGAGATAGTAAGGGTGTTGATTTTTTAATGTTTTCTCTACATTTAGCTGGAGTATCAAGGGTTTTAGGTTCTATTAATTTTATTTGTACTCTTTACACCGCTTTTGTTGATAAATTTATCTCTCGTAGTTCAATATTGTTGTGATCTTATTTATTTACTTCAATTCTTTTACTTTTAACCATCCCTGTCTTAGCAGCTGCTATTACTATGTTGTTGTTTGATCGTAATTTTGGTTCAGCCTTTTTTGATCCTTTAGGGGGAGGTGATCCTGTATTATTTCAG,PQ152137.1,89.384,292,31,0,1,292,405,696,2.92e-97,368
TTCTTTATTTAGAGATAGTAAGGGTGTTGATTTTTTAATGTTTTCTCTACATTTAGCTGGAGTATCAAGGGTTTTAGGTTCTATTAATTTTATTTGTACTCTTTACACCGCTTTTGTTGATAAATTTATCTCTCGTAGTTCAATATTGTTGTGATCTTATTTATTTACTTCAATTCTTTTACTTTTAACCATCCCTGTCTTAGCAGCTGCTATTACTATGTTGTTGTTTGATCGTAATTTTGGTTCAGCCTTTTTTGATCCTTTAGGGGGAGGTGATCCTGTATTATTTCAG,LC609792.1,89.384,292,31,0,1,292,405,696,2.92e-97,368
TTCTTTATTTAGAGATAGTAAGGGTGTTGATTTTTTAATGTTTTCTCTACATTTAGCTGGAGTATCAAGGGTTTTAGGTTCTATTAATTTTATTTGTACTCTTTACACCGCTTTTGTTGATAAATTTATCTCTCGTAGTTCAATATTGTTGTGATCTTATTTATTTACTTCAATTCTTTTACTTTTAACCATCCCTGTCTTAGCAGCTGCTATTACTATGTTGTTGTTTGATCGTAATTTTGGTTCAGCCTTTTTTGATCCTTTAGGGGGAGGTGATCCTGTATTATTTCAG,MW602518.1,89.384,292,31,0,1,292,405,696,2.92e-97,368
TTCTTTATTTAGAGATAGTAAGGGTGTTGATTTTTTAATGTTTTCTCTACATTTAGCTGGAGTATCAAGGGTTTTAGGTTCTATTAATTTTATTTGTACTCTTTACACCGCTTTTGTTGATAAATTTATCTCTCGTAGTTCAATATTGTTGTGATCTTATTTATTTACTTCAATTCTTTTACTTTTAACCATCCCTGTCTTAGCAGCTGCTATTACTATGTTGTTGTTTGATCGTAATTTTGGTTCAGCCTTTTTTGATCCTTTAGGGGGAGGTGATCCTGTATTATTTCAG,LC609791.1,89.384,292,31,0,1,292,405,696,2.92e-97,368
TTCTTTATTTAGAGATAGTAAGGGTGTTGATTTTTTAATGTTTTCTCTACATTTAGCTGGAGTATCAAGGGTTTTAGGTTCTATTAATTTTATTTGTACTCTTTACACCGCTTTTGTTGATAAATTTATCTCTCGTAGTTCAATATTGTTGTGATCTTATTTATTTACTTCAATTCTTTTACTTTTAACCATCCCTGTCTTAGCAGCTGCTATTACTATGTTGTTGTTTGATCGTAATTTTGGTTCAGCCTTTTTTGATCCTTTAGGGGGAGGTGATCCTGTATTATTTCAG,AB623150.1,89.384,292,31,0,1,292,405,696,2.92e-97,368
TTCTTTATTTAGAGATAGTAAGGGTGTTGATTTTTTAATGTTTTCTCTACATTTAGCTGGAGTATCAAGGGTTTTAGGTTCTATTAATTTTATTTGTACTCTTTACACCGCTTTTGTTGATAAATTTATCTCTCGTAGTTCAATATTGTTGTGATCTTATTTATTTACTTCAATTCTTTTACTTTTAACCATCCCTGTCTTAGCAGCTGCTATTACTATGTTGTTGTTTGATCGTAATTTTGGTTCAGCCTTTTTTGATCCTTTAGGGGGAGGTGATCCTGTATTATTTCAG,MW602523.1,89.384,292,31,0,1,292,405,696,2.92e-97,368
TTCTTTATTTAGAGATAGTAAGGGTGTTGATTTTTTAATGTTTTCTCTACATTTAGCTGGAGTATCAAGGGTTTTAGGTTCTATTAATTTTATTTGTACTCTTTACACCGCTTTTGTTGATAAATTTATCTCTCGTAGTTCAATATTGTTGTGATCTTATTTATTTACTTCAATTCTTTTACTTTTAACCATCCCTGTCTTAGCAGCTGCTATTACTATGTTGTTGTTTGATCGTAATTTTGGTTCAGCCTTTTTTGATCCTTTAGGGGGAGGTGATCCTGTATTATTTCAG,LC609783.1,89.384,292,31,0,1,292,405,696,2.92e-97,368
TTCTTTATTTAGAGATAGTAAGGGTGTTGATTTTTTAATGTTTTCTCTACATTTAGCTGGAGTATCAAGGGTTTTAGGTTCTATTAATTTTATTTGTACTCTTTACACCGCTTTTGTTGATAAATTTATCTCTCGTAGTTCAATATTGTTGTGATCTTATTTATTTACTTCAATTCTTTTACTTTTAACCATCCCTGTCTTAGCAGCTGCTATTACTATGTTGTTGTTTGATCGTAATTTTGGTTCAGCCTTTTTTGATCCTTTAGGGGGAGGTGATCCTGTATTATTTCAG,AB924501.1,89.384,292,31,0,1,292,405,696,2.92e-97,368
TTCTTTATTTAGAGATAGTAAGGGTGTTGATTTTTTAATGTTTTCTCTACATTTAGCTGGAGTATCAAGGGTTTTAGGTTCTATTAATTTTATTTGTACTCTTTACACCGCTTTTGTTGATAAATTTATCTCTCGTAGTTCAATATTGTTGTGATCTTATTTATTTACTTCAATTCTTTTACTTTTAACCATCCCTGTCTTAGCAGCTGCTATTACTATGTTGTTGTTTGATCGTAATTTTGGTTCAGCCTTTTTTGATCCTTTAGGGGGAGGTGATCCTGTATTATTTCAG,LC609801.1,89.384,292,31,0,1,292,405,696,2.92e-97,368
TTCTTTATTTAGAGATAGTAAGGGTGTTGATTTTTTAATGTTTTCTCTACATTTAGCTGGAGTATCAAGGGTTTTAGGTTCTATTAATTTTATTTGTACTCTTTACACCGCTTTTGTTGATAAATTTATCTCTCGTAGTTCAATATTGTTGTGATCTTATTTATTTACTTCAATTCTTTTACTTTTAACCATCCCTGTCTTAGCAGCTGCTATTACTATGTTGTTGTTTGATCGTAATTTTGGTTCAGCCTTTTTTGATCCTTTAGGGGGAGGTGATCCTGTATTATTTCAG,PQ169609.1,89.384,292,31,0,1,292,405,696,2.92e-97,368
TTCTTTATTTAGAGATAGTAAGGGTGTTGATTTTTTAATGTTTTCTCTACATTTAGCTGGAGTATCAAGGGTTTTAGGTTCTATTAATTTTATTTGTACTCTTTACACCGCTTTTGTTGATAAATTTATCTCTCGTAGTTCAATATTGTTGTGATCTTATTTATTTACTTCAATTCTTTTACTTTTAACCATCCCTGTCTTAGCAGCTGCTATTACTATGTTGTTGTTTGATCGTAATTTTGGTTCAGCCTTTTTTGATCCTTTAGGGGGAGGTGATCCTGTATTATTTCAG,AB605762.1,89.384,292,31,0,1,292,405,696,2.92e-97,368
TTCTTTATTTAGAGATAGTAAGGGTGTTGATTTTTTAATGTTTTCTCTACATTTAGCTGGAGTATCAAGGGTTTTAGGTTCTATTAATTTTATTTGTACTCTTTACACCGCTTTTGTTGATAAATTTATCTCTCGTAGTTCAATATTGTTGTGATCTTATTTATTTACTTCAATTCTTTTACTTTTAACCATCCCTGTCTTAGCAGCTGCTATTACTATGTTGTTGTTTGATCGTAATTTTGGTTCAGCCTTTTTTGATCCTTTAGGGGGAGGTGATCCTGTATTATTTCAG,LC609781.1,89.384,292,31,0,1,292,405,696,2.92e-97,368
TTCTTTATTTAGAGATAGTAAGGGTGTTGATTTTTTAATGTTTTCTCTACATTTAGCTGGAGTATCAAGGGTTTTAGGTTCTATTAATTTTATTTGTACTCTTTACACCGCTTTTGTTGATAAATTTATCTCTCGTAGTTCAATATTGTTGTGATCTTATTTATTTACTTCAATTCTTTTACTTTTAACCATCCCTGTCTTAGCAGCTGCTATTACTATGTTGTTGTTTGATCGTAATTTTGGTTCAGCCTTTTTTGATCCTTTAGGGGGAGGTGATCCTGTATTATTTCAG,AB924505.1,89.384,292,31,0,1,292,405,696,2.92e-97,368
TTCTTTATTTAGAGATAGTAAGGGTGTTGATTTTTTAATGTTTTCTCTACATTTAGCTGGAGTATCAAGGGTTTTAGGTTCTATTAATTTTATTTGTACTCTTTACACCGCTTTTGTTGATAAATTTATCTCTCGTAGTTCAATATTGTTGTGATCTTATTTATTTACTTCAATTCTTTTACTTTTAACCATCCCTGTCTTAGCAGCTGCTATTACTATGTTGTTGTTTGATCGTAATTTTGGTTCAGCCTTTTTTGATCCTTTAGGGGGAGGTGATCCTGTATTATTTCAG,LC609819.1,89.384,292,31,0,1,292,405,696,2.92e-97,368
TTCTTTATTTAGAGATAGTAAGGGTGTTGATTTTTTAATGTTTTCTCTACATTTAGCTGGAGTATCAAGGGTTTTAGGTTCTATTAATTTTATTTGTACTCTTTACACCGCTTTTGTTGATAAATTTATCTCTCGTAGTTCAATATTGTTGTGATCTTATTTATTTACTTCAATTCTTTTACTTTTAACCATCCCTGTCTTAGCAGCTGCTATTACTATGTTGTTGTTTGATCGTAATTTTGGTTCAGCCTTTTTTGATCCTTTAGGGGGAGGTGATCCTGTATTATTTCAG,KC812047.1,89.384,292,31,0,1,292,405,696,2.92e-97,368
TTCTTTATTTAGAGATAGTAAGGGTGTTGATTTTTTAATGTTTTCTCTACATTTAGCTGGAGTATCAAGGGTTTTAGGTTCTATTAATTTTATTTGTACTCTTTACACCGCTTTTGTTGATAAATTTATCTCTCGTAGTTCAATATTGTTGTGATCTTATTTATTTACTTCAATTCTTTTACTTTTAACCATCCCTGTCTTAGCAGCTGCTATTACTATGTTGTTGTTTGATCGTAATTTTGGTTCAGCCTTTTTTGATCCTTTAGGGGGAGGTGATCCTGTATTATTTCAG,LC609807.1,89.384,292,31,0,1,292,405,696,2.92e-97,368
TTCTTTATTTAGAGATAGTAAGGGTGTTGATTTTTTAATGTTTTCTCTACATTTAGCTGGAGTATCAAGGGTTTTAGGTTCTATTAATTTTATTTGTACTCTTTACACCGCTTTTGTTGATAAATTTATCTCTCGTAGTTCAATATTGTTGTGATCTTATTTATTTACTTCAATTCTTTTACTTTTAACCATCCCTGTCTTAGCAGCTGCTATTACTATGTTGTTGTTTGATCGTAATTTTGGTTCAGCCTTTTTTGATCCTTTAGGGGGAGGTGATCCTGTATTATTTCAG,LC609805.1,89.384,292,31,0,1,292,405,696,2.92e-97,368
TTCTTTATTTAGAGATAGTAAGGGTGTTGATTTTTTAATGTTTTCTCTACATTTAGCTGGAGTATCAAGGGTTTTAGGTTCTATTAATTTTATTTGTACTCTTTACACCGCTTTTGTTGATAAATTTATCTCTCGTAGTTCAATATTGTTGTGATCTTATTTATTTACTTCAATTCTTTTACTTTTAACCATCCCTGTCTTAGCAGCTGCTATTACTATGTTGTTGTTTGATCGTAATTTTGGTTCAGCCTTTTTTGATCCTTTAGGGGGAGGTGATCCTGTATTATTTCAG,EF420138.1,89.384,292,31,0,1,292,7202,7493,2.92e-97,368
TTCTTTATTTAGAGATAGTAAGGGTGTTGATTTTTTAATGTTTTCTCTACATTTAGCTGGAGTATCAAGGGTTTTAGGTTCTATTAATTTTATTTGTACTCTTTACACCGCTTTTGTTGATAAATTTATCTCTCGTAGTTCAATATTGTTGTGATCTTATTTATTTACTTCAATTCTTTTACTTTTAACCATCCCTGTCTTAGCAGCTGCTATTACTATGTTGTTGTTTGATCGTAATTTTGGTTCAGCCTTTTTTGATCCTTTAGGGGGAGGTGATCCTGTATTATTTCAG,AM412738.2,89.384,292,31,0,1,292,405,696,2.92e-97,368
TTCTTTATTTAGAGATAGTAAGGGTGTTGATTTTTTAATGTTTTCTCTACATTTAGCTGGAGTATCAAGGGTTTTAGGTTCTATTAATTTTATTTGTACTCTTTACACCGCTTTTGTTGATAAATTTATCTCTCGTAGTTCAATATTGTTGTGATCTTATTTATTTACTTCAATTCTTTTACTTTTAACCATCCCTGTCTTAGCAGCTGCTATTACTATGTTGTTGTTTGATCGTAATTTTGGTTCAGCCTTTTTTGATCCTTTAGGGGGAGGTGATCCTGTATTATTTCAG,LC609789.1,89.384,292,31,0,1,292,405,696,2.92e-97,368
TTCTTTATTTAGAGATAGTAAGGGTGTTGATTTTTTAATGTTTTCTCTACATTTAGCTGGAGTATCAAGGGTTTTAGGTTCTATTAATTTTATTTGTACTCTTTACACCGCTTTTGTTGATAAATTTATCTCTCGTAGTTCAATATTGTTGTGATCTTATTTATTTACTTCAATTCTTTTACTTTTAACCATCCCTGTCTTAGCAGCTGCTATTACTATGTTGTTGTTTGATCGTAATTTTGGTTCAGCCTTTTTTGATCCTTTAGGGGGAGGTGATCCTGTATTATTTCAG,LC609822.1,89.384,292,31,0,1,292,405,696,2.92e-97,368
TTCTTTATTTAGAGATAGTAAGGGTGTTGATTTTTTAATGTTTTCTCTACATTTAGCTGGAGTATCAAGGGTTTTAGGTTCTATTAATTTTATTTGTACTCTTTACACCGCTTTTGTTGATAAATTTATCTCTCGTAGTTCAATATTGTTGTGATCTTATTTATTTACTTCAATTCTTTTACTTTTAACCATCCCTGTCTTAGCAGCTGCTATTACTATGTTGTTGTTTGATCGTAATTTTGGTTCAGCCTTTTTTGATCCTTTAGGGGGAGGTGATCCTGTATTATTTCAG,LC609804.1,89.384,292,31,0,1,292,405,696,2.92e-97,368
TTCTTTATTTAGAGATAGTAAGGGTGTTGATTTTTTAATGTTTTCTCTACATTTAGCTGGAGTATCAAGGGTTTTAGGTTCTATTAATTTTATTTGTACTCTTTACACCGCTTTTGTTGATAAATTTATCTCTCGTAGTTCAATATTGTTGTGATCTTATTTATTTACTTCAATTCTTTTACTTTTAACCATCCCTGTCTTAGCAGCTGCTATTACTATGTTGTTGTTTGATCGTAATTTTGGTTCAGCCTTTTTTGATCCTTTAGGGGGAGGTGATCCTGTATTATTTCAG,LC609824.1,89.583,288,30,0,1,288,405,692,1.05e-96,366
TTCTTTATTTAGAGATAGTAAGGGTGTTGATTTTTTAATGTTTTCTCTACATTTAGCTGGAGTATCAAGGGTTTTAGGTTCTATTAATTTTATTTGTACTCTTTACACCGCTTTTGTTGATAAATTTATCTCTCGTAGTTCAATATTGTTGTGATCTTATTTATTTACTTCAATTCTTTTACTTTTAACCATCCCTGTCTTAGCAGCTGCTATTACTATGTTGTTGTTTGATCGTAATTTTGGTTCAGCCTTTTTTGATCCTTTAGGGGGAGGTGATCCTGTATTATTTCAG,AB924499.1,89.041,292,32,0,1,292,405,696,1.36e-95,363
TTCTTTATTTAGAGATAGTAAGGGTGTTGATTTTTTAATGTTTTCTCTACATTTAGCTGGAGTATCAAGGGTTTTAGGTTCTATTAATTTTATTTGTACTCTTTACACCGCTTTTGTTGATAAATTTATCTCTCGTAGTTCAATATTGTTGTGATCTTATTTATTTACTTCAATTCTTTTACTTTTAACCATCCCTGTCTTAGCAGCTGCTATTACTATGTTGTTGTTTGATCGTAATTTTGGTTCAGCCTTTTTTGATCCTTTAGGGGGAGGTGATCCTGTATTATTTCAG,LC476557.1,89.041,292,32,0,1,292,405,696,1.36e-95,363
TTCTTTATTTAGAGATAGTAAGGGTGTTGATTTTTTAATGTTTTCTCTACATTTAGCTGGAGTATCAAGGGTTTTAGGTTCTATTAATTTTATTTGTACTCTTTACACCGCTTTTGTTGATAAATTTATCTCTCGTAGTTCAATATTGTTGTGATCTTATTTATTTACTTCAATTCTTTTACTTTTAACCATCCCTGTCTTAGCAGCTGCTATTACTATGTTGTTGTTTGATCGTAATTTTGGTTCAGCCTTTTTTGATCCTTTAGGGGGAGGTGATCCTGTATTATTTCAG,AB573405.1,89.041,292,32,0,1,292,405,696,1.36e-95,363
TTCTTTATTTAGAGATAGTAAGGGTGTTGATTTTTTAATGTTTTCTCTACATTTAGCTGGAGTATCAAGGGTTTTAGGTTCTATTAATTTTATTTGTACTCTTTACACCGCTTTTGTTGATAAATTTATCTCTCGTAGTTCAATATTGTTGTGATCTTATTTATTTACTTCAATTCTTTTACTTTTAACCATCCCTGTCTTAGCAGCTGCTATTACTATGTTGTTGTTTGATCGTAATTTTGGTTCAGCCTTTTTTGATCCTTTAGGGGGAGGTGATCCTGTATTATTTCAG,LC612776.1,89.041,292,32,0,1,292,405,696,1.36e-95,363
TTCTTTATTTAGAGATAGTAAGGGTGTTGATTTTTTAATGTTTTCTCTACATTTAGCTGGAGTATCAAGGGTTTTAGGTTCTATTAATTTTATTTGTACTCTTTACACCGCTTTTGTTGATAAATTTATCTCTCGTAGTTCAATATTGTTGTGATCTTATTTATTTACTTCAATTCTTTTACTTTTAACCATCCCTGTCTTAGCAGCTGCTATTACTATGTTGTTGTTTGATCGTAATTTTGGTTCAGCCTTTTTTGATCCTTTAGGGGGAGGTGATCCTGTATTATTTCAG,LC476567.1,89.041,292,32,0,1,292,405,696,1.36e-95,363
TTCTTTATTTAGAGATAGTAAGGGTGTTGATTTTTTAATGTTTTCTCTACATTTAGCTGGAGTATCAAGGGTTTTAGGTTCTATTAATTTTATTTGTACTCTTTACACCGCTTTTGTTGATAAATTTATCTCTCGTAGTTCAATATTGTTGTGATCTTATTTATTTACTTCAATTCTTTTACTTTTAACCATCCCTGTCTTAGCAGCTGCTATTACTATGTTGTTGTTTGATCGTAATTTTGGTTCAGCCTTTTTTGATCCTTTAGGGGGAGGTGATCCTGTATTATTTCAG,AB924498.1,89.041,292,32,0,1,292,405,696,1.36e-95,363
TTCTTTATTTAGAGATAGTAAGGGTGTTGATTTTTTAATGTTTTCTCTACATTTAGCTGGAGTATCAAGGGTTTTAGGTTCTATTAATTTTATTTGTACTCTTTACACCGCTTTTGTTGATAAATTTATCTCTCGTAGTTCAATATTGTTGTGATCTTATTTATTTACTTCAATTCTTTTACTTTTAACCATCCCTGTCTTAGCAGCTGCTATTACTATGTTGTTGTTTGATCGTAATTTTGGTTCAGCCTTTTTTGATCCTTTAGGGGGAGGTGATCCTGTATTATTTCAG,LC863200.1,89.041,292,32,0,1,292,405,696,1.36e-95,363
TTCTTTATTTAGAGATAGTAAGGGTGTTGATTTTTTAATGTTTTCTCTACATTTAGCTGGAGTATCAAGGGTTTTAGGTTCTATTAATTTTATTTGTACTCTTTACACCGCTTTTGTTGATAAATTTATCTCTCGTAGTTCAATATTGTTGTGATCTTATTTATTTACTTCAATTCTTTTACTTTTAACCATCCCTGTCTTAGCAGCTGCTATTACTATGTTGTTGTTTGATCGTAATTTTGGTTCAGCCTTTTTTGATCCTTTAGGGGGAGGTGATCCTGTATTATTTCAG,AM412560.2,89.041,292,32,0,1,292,405,696,1.36e-95,363
TTCTTTATTTAGAGATAGTAAGGGTGTTGATTTTTTAATGTTTTCTCTACATTTAGCTGGAGTATCAAGGGTTTTAGGTTCTATTAATTTTATTTGTACTCTTTACACCGCTTTTGTTGATAAATTTATCTCTCGTAGTTCAATATTGTTGTGATCTTATTTATTTACTTCAATTCTTTTACTTTTAACCATCCCTGTCTTAGCAGCTGCTATTACTATGTTGTTGTTTGATCGTAATTTTGGTTCAGCCTTTTTTGATCCTTTAGGGGGAGGTGATCCTGTATTATTTCAG,AB544064.1,89.041,292,32,0,1,292,405,696,1.36e-95,363
TTCTTTATTTAGAGATAGTAAGGGTGTTGATTTTTTAATGTTTTCTCTACATTTAGCTGGAGTATCAAGGGTTTTAGGTTCTATTAATTTTATTTGTACTCTTTACACCGCTTTTGTTGATAAATTTATCTCTCGTAGTTCAATATTGTTGTGATCTTATTTATTTACTTCAATTCTTTTACTTTTAACCATCCCTGTCTTAGCAGCTGCTATTACTATGTTGTTGTTTGATCGTAATTTTGGTTCAGCCTTTTTTGATCCTTTAGGGGGAGGTGATCCTGTATTATTTCAG,AB573407.1,89.041,292,32,0,1,292,405,696,1.36e-95,363
TTCTTTATTTAGAGATAGTAAGGGTGTTGATTTTTTAATGTTTTCTCTACATTTAGCTGGAGTATCAAGGGTTTTAGGTTCTATTAATTTTATTTGTACTCTTTACACCGCTTTTGTTGATAAATTTATCTCTCGTAGTTCAATATTGTTGTGATCTTATTTATTTACTTCAATTCTTTTACTTTTAACCATCCCTGTCTTAGCAGCTGCTATTACTATGTTGTTGTTTGATCGTAATTTTGGTTCAGCCTTTTTTGATCCTTTAGGGGGAGGTGATCCTGTATTATTTCAG,LC476568.1,89.041,292,32,0,1,292,405,696,1.36e-95,363
TTCTTTATTTAGAGATAGTAAGGGTGTTGATTTTTTAATGTTTTCTCTACATTTAGCTGGAGTATCAAGGGTTTTAGGTTCTATTAATTTTATTTGTACTCTTTACACCGCTTTTGTTGATAAATTTATCTCTCGTAGTTCAATATTGTTGTGATCTTATTTATTTACTTCAATTCTTTTACTTTTAACCATCCCTGTCTTAGCAGCTGCTATTACTATGTTGTTGTTTGATCGTAATTTTGGTTCAGCCTTTTTTGATCCTTTAGGGGGAGGTGATCCTGTATTATTTCAG,AB548649.1,89.041,292,32,0,1,292,106,397,1.36e-95,363
TTCTTTATTTAGAGATAGTAAGGGTGTTGATTTTTTAATGTTTTCTCTACATTTAGCTGGAGTATCAAGGGTTTTAGGTTCTATTAATTTTATTTGTACTCTTTACACCGCTTTTGTTGATAAATTTATCTCTCGTAGTTCAATATTGTTGTGATCTTATTTATTTACTTCAATTCTTTTACTTTTAACCATCCCTGTCTTAGCAGCTGCTATTACTATGTTGTTGTTTGATCGTAATTTTGGTTCAGCCTTTTTTGATCCTTTAGGGGGAGGTGATCCTGTATTATTTCAG,AB924500.1,89.041,292,32,0,1,292,405,696,1.36e-95,363
TTCTTTATTTAGAGATAGTAAGGGTGTTGATTTTTTAATGTTTTCTCTACATTTAGCTGGAGTATCAAGGGTTTTAGGTTCTATTAATTTTATTTGTACTCTTTACACCGCTTTTGTTGATAAATTTATCTCTCGTAGTTCAATATTGTTGTGATCTTATTTATTTACTTCAATTCTTTTACTTTTAACCATCCCTGTCTTAGCAGCTGCTATTACTATGTTGTTGTTTGATCGTAATTTTGGTTCAGCCTTTTTTGATCCTTTAGGGGGAGGTGATCCTGTATTATTTCAG,AB781787.1,89.041,292,32,0,1,292,405,696,1.36e-95,363
TTCTTTATTTAGAGATAGTAAGGGTGTTGATTTTTTAATGTTTTCTCTACATTTAGCTGGAGTATCAAGGGTTTTAGGTTCTATTAATTTTATTTGTACTCTTTACACCGCTTTTGTTGATAAATTTATCTCTCGTAGTTCAATATTGTTGTGATCTTATTTATTTACTTCAATTCTTTTACTTTTAACCATCCCTGTCTTAGCAGCTGCTATTACTATGTTGTTGTTTGATCGTAATTTTGGTTCAGCCTTTTTTGATCCTTTAGGGGGAGGTGATCCTGTATTATTTCAG,LC312466.1,89.041,292,32,0,1,292,405,696,1.36e-95,363
TTCTTTATTTAGAGATAGTAAGGGTGTTGATTTTTTAATGTTTTCTCTACATTTAGCTGGAGTATCAAGGGTTTTAGGTTCTATTAATTTTATTTGTACTCTTTACACCGCTTTTGTTGATAAATTTATCTCTCGTAGTTCAATATTGTTGTGATCTTATTTATTTACTTCAATTCTTTTACTTTTAACCATCCCTGTCTTAGCAGCTGCTATTACTATGTTGTTGTTTGATCGTAATTTTGGTTCAGCCTTTTTTGATCCTTTAGGGGGAGGTGATCCTGTATTATTTCAG,LC476570.1,89.041,292,32,0,1,292,405,696,1.36e-95,363
TTCTTTATTTAGAGATAGTAAGGGTGTTGATTTTTTAATGTTTTCTCTACATTTAGCTGGAGTATCAAGGGTTTTAGGTTCTATTAATTTTATTTGTACTCTTTACACCGCTTTTGTTGATAAATTTATCTCTCGTAGTTCAATATTGTTGTGATCTTATTTATTTACTTCAATTCTTTTACTTTTAACCATCCCTGTCTTAGCAGCTGCTATTACTATGTTGTTGTTTGATCGTAATTTTGGTTCAGCCTTTTTTGATCCTTTAGGGGGAGGTGATCCTGTATTATTTCAG,AB597273.1,89.041,292,32,0,1,292,405,696,1.36e-95,363
TTCTTTATTTAGAGATAGTAAGGGTGTTGATTTTTTAATGTTTTCTCTACATTTAGCTGGAGTATCAAGGGTTTTAGGTTCTATTAATTTTATTTGTACTCTTTACACCGCTTTTGTTGATAAATTTATCTCTCGTAGTTCAATATTGTTGTGATCTTATTTATTTACTTCAATTCTTTTACTTTTAACCATCCCTGTCTTAGCAGCTGCTATTACTATGTTGTTGTTTGATCGTAATTTTGGTTCAGCCTTTTTTGATCCTTTAGGGGGAGGTGATCCTGTATTATTTCAG,AB821272.1,89.041,292,32,0,1,292,405,696,1.36e-95,363


